fecha;ventas;tv_ad98;p1ola1_ad40;p2ola1_ad40;p3_ola1_ad40;p4_ola1_ad40;p5_ola1_ad40;p1_ola2_ad40;p1_ola3_ad40;dp;ip;iip_p1;iip_p2;iip_p3;revistas_ad20;competencia1;competencia2;competencia3;competencia4
2016-08-08;8,19;2924,954852;1,533300000e+02;0,000000000e+00;0,000000000e+00;0,000000000e+00;0,000000000e+00;0,000000000e+00;0,0000000e+00;47;1,132053381;0,000000000;0,061050061;0,101343101;4,730484360e+02;0,000000000e+00;0,00000000000;0,016016016;0,000000000
2016-08-15;7,51;2866,455755;6,133200000e+01;0,000000000e+00;0,000000000e+00;0,000000000e+00;0,000000000e+00;0,000000000e+00;0,0000000e+00;44;1,274940072;0,000000000;0,069241012;0,105193076;9,460968719e+01;0,000000000e+00;0,00000000000;0,005668934;0,000000000
2016-08-22;6,55;2986,646640;2,025128000e+02;0,000000000e+00;0,000000000e+00;0,000000000e+00;0,000000000e+00;0,000000000e+00;0,0000000e+00;43;1,274997882;0,000000000;0,062595420;0,102290076;1,892193744e+01;0,000000000e+00;0,00000000000;0,003012048;0,000000000
2016-08-29;7,17;3101,888707;2,564801200e+02;0,000000000e+00;0,000000000e+00;0,000000000e+00;0,000000000e+00;0,000000000e+00;0,0000000e+00;43;1,275723106;0,000000000;0,062761506;0,099023710;3,784387488e+00;0,000000000e+00;0,00000000000;0,004341534;0,000000000
2016-09-05;6,94;3039,850933;1,025920480e+02;0,000000000e+00;0,000000000e+00;0,000000000e+00;0,000000000e+00;0,000000000e+00;0,0000000e+00;45;1,179253105;0,000000000;0,063400576;0,096541787;7,568774980e-01;0,000000000e+00;0,00000000000;0,004860267;0,000000000
2016-09-12;5,90;2979,053915;4,103681920e+01;0,000000000e+00;0,000000000e+00;0,000000000e+00;0,000000000e+00;0,000000000e+00;0,0000000e+00;43;1,195339672;0,000000000;0,032203390;0,144067797;1,513755000e-01;0,000000000e+00;0,00000000000;0,002257336;0,000000000
2016-09-19;5,37;2919,472836;1,641472768e+01;0,000000000e+00;0,000000000e+00;0,000000000e+00;0,000000000e+00;0,000000000e+00;0,0000000e+00;43;1,208555078;0,000000000;0,013035382;0,119180633;3,027510000e-02;0,000000000e+00;0,00000000000;0,005122951;0,000000000
2016-09-26;5,29;2861,083380;6,565891072e+00;0,000000000e+00;0,000000000e+00;0,000000000e+00;0,000000000e+00;0,000000000e+00;0,0000000e+00;40;1,153953284;0,001890359;0,003780718;0,119092628;6,055020000e-03;0,000000000e+00;0,00000000000;0,025987526;0,000000000
2016-10-03;6,14;2803,861712;2,626356429e+00;0,000000000e+00;0,000000000e+00;0,000000000e+00;0,000000000e+00;0,000000000e+00;0,0000000e+00;45;1,179798470;0,027687296;0,004885993;0,078175896;1,211004000e-03;0,000000000e+00;0,00000000000;0,067406143;0,000000000
2016-10-10;6,37;2747,784478;1,050542572e+00;0,000000000e+00;0,000000000e+00;0,000000000e+00;0,000000000e+00;0,000000000e+00;0,0000000e+00;44;1,173321671;0,031397174;0,010989011;0,127158556;2,422010000e-04;0,000000000e+00;0,00000000000;0,039473684;0,000000000
2016-10-17;6,21;2692,828788;4,202170290e-01;0,000000000e+00;0,000000000e+00;0,000000000e+00;0,000000000e+00;0,000000000e+00;0,0000000e+00;43;1,167328355;0,000000000;0,006441224;0,107890499;4,840000000e-05;0,000000000e+00;0,00000000000;0,016184971;0,000000000
2016-10-24;5,78;2638,972212;1,680868110e-01;0,000000000e+00;0,000000000e+00;0,000000000e+00;0,000000000e+00;0,000000000e+00;0,0000000e+00;41;1,475344725;0,000000000;0,020761246;0,102076125;9,690000000e-06;0,000000000e+00;0,00000000000;0,027196653;0,000000000
2016-10-31;5,82;2586,192768;6,723472500e-02;0,000000000e+00;0,000000000e+00;0,000000000e+00;0,000000000e+00;0,000000000e+00;0,0000000e+00;40;1,307874538;0,000000000;0,017182131;0,072164948;1,940000000e-06;0,000000000e+00;0,00000000000;0,012896825;0,000000000
2016-11-07;6,13;2534,468913;2,689389000e-02;0,000000000e+00;0,000000000e+00;0,000000000e+00;0,000000000e+00;0,000000000e+00;0,0000000e+00;44;1,190121449;0,000000000;0,017944535;0,083197390;4,657473334e+03;0,000000000e+00;0,00000000000;0,015625000;0,000000000
2016-11-14;6,12;2572,249535;1,075755600e-02;8,847000000e+01;0,000000000e+00;0,000000000e+00;0,000000000e+00;0,000000000e+00;0,0000000e+00;42;1,222098976;0,000000000;0,014705882;0,137254902;5,588968000e+03;0,000000000e+00;0,00000000000;0,024793388;0,300000000
2016-11-21;7,34;2682,804544;4,303022000e-03;1,973880000e+02;0,000000000e+00;0,000000000e+00;0,000000000e+00;0,000000000e+00;0,0000000e+00;44;1,277918618;0,000000000;0,012261580;0,081743869;5,775266933e+03;0,000000000e+00;0,00000000000;0,013972056;0,282608696
2016-11-28;8,44;2780,168453;1,721209000e-03;2,299752000e+02;0,000000000e+00;0,000000000e+00;0,000000000e+00;0,000000000e+00;0,0000000e+00;48;1,250737726;0,000000000;0,015402844;0,079383886;5,812526720e+03;0,000000000e+00;0,00000000000;0,010889292;0,251231527
2016-12-05;11,21;2902,585084;6,884840000e-04;2,700100800e+02;0,000000000e+00;0,000000000e+00;0,000000000e+00;0,000000000e+00;0,0000000e+00;51;1,233027793;0,000000000;0,030330062;0,092774309;9,999416849e+03;0,000000000e+00;0,00000000000;0,017160686;0,000000000
2016-12-12;8,17;2883,683382;2,753930000e-04;1,471540320e+02;0,000000000e+00;0,000000000e+00;0,000000000e+00;0,000000000e+00;0,0000000e+00;48;1,227893546;0,000000000;0,022031824;0,112607099;1,250857014e+04;0,000000000e+00;0,00000000000;0,025246981;0,000000000
2016-12-19;8,43;2826,009715;1,101570000e-04;5,886161280e+01;0,000000000e+00;0,000000000e+00;0,000000000e+00;0,000000000e+00;0,0000000e+00;49;1,202233401;0,000000000;0,037959668;0,097271649;1,301040080e+04;0,000000000e+00;0,00000000000;0,016456922;0,000000000
2016-12-26;7,71;2769,489520;4,410000000e-05;2,354464512e+01;0,000000000e+00;0,000000000e+00;0,000000000e+00;0,000000000e+00;0,0000000e+00;49;1,139941394;0,000000000;0,023346304;0,112840467;1,311076693e+04;0,000000000e+00;0,00000000000;0,015518914;0,000000000
2017-01-02;8,01;2714,099730;1,760000000e-05;9,417858048e+00;0,000000000e+00;0,000000000e+00;0,000000000e+00;0,000000000e+00;0,0000000e+00;52;1,115371298;0,000000000;0,036204744;0,121098627;1,012835823e+04;0,000000000e+00;0,00000000000;0,008806262;0,000000000
2017-01-09;7,94;2659,817735;7,050000000e-06;3,767143219e+00;0,000000000e+00;0,000000000e+00;0,000000000e+00;0,000000000e+00;0,0000000e+00;50;1,133634961;0,000000000;0,041561713;0,185138539;2,025671645e+03;0,000000000e+00;0,00000000000;0,012367491;0,000000000
2017-01-16;5,85;2606,621381;2,820000000e-06;1,506857288e+00;0,000000000e+00;0,000000000e+00;0,000000000e+00;0,000000000e+00;0,0000000e+00;45;1,210313581;0,006837607;0,023931624;0,136752137;4,051343290e+02;0,000000000e+00;0,00000000000;0,023612751;0,031428571
2017-01-23;5,83;2554,488953;1,130000000e-06;6,027429150e-01;0,000000000e+00;0,000000000e+00;0,000000000e+00;0,000000000e+00;0,0000000e+00;45;1,244870210;0,003430532;0,013722127;0,132075472;8,102686581e+01;0,000000000e+00;0,00000000000;0,008782936;0,040145985
2017-01-30;6,47;2503,399174;4,510000000e-07;2,410971660e-01;0,000000000e+00;0,000000000e+00;0,000000000e+00;0,000000000e+00;0,0000000e+00;44;1,241238114;0,000000000;0,020092736;0,191653787;1,620537316e+01;0,000000000e+00;0,00000000000;0,005612722;0,029411765
2017-02-06;6,87;2453,331190;1,800000000e-07;9,643886600e-02;0,000000000e+00;0,000000000e+00;0,000000000e+00;0,000000000e+00;0,0000000e+00;45;1,208504103;0,000000000;0,024745269;0,148471616;3,241074632e+00;0,000000000e+00;0,00000000000;0,002851033;0,000000000
2017-02-13;6,55;2404,264567;7,220000000e-08;3,857554700e-02;0,000000000e+00;0,000000000e+00;0,000000000e+00;0,000000000e+00;0,0000000e+00;43;1,164562778;0,000000000;0,042748092;0,114503817;6,482149260e-01;0,000000000e+00;0,00000000000;0,004528986;0,036496350
2017-02-20;5,35;2356,179275;2,890000000e-08;1,543021900e-02;0,000000000e+00;0,000000000e+00;0,000000000e+00;0,000000000e+00;0,0000000e+00;40;1,162518398;0,000000000;0,042990654;0,119626168;1,296429850e-01;0,000000000e+00;0,00000000000;0,004291845;0,036764706
2017-02-27;5,31;2309,055690;1,160000000e-08;6,172087000e-03;0,000000000e+00;0,000000000e+00;0,000000000e+00;0,000000000e+00;0,0000000e+00;41;1,160894449;0,000000000;0,020715631;0,097928437;2,592859700e-02;0,000000000e+00;0,00000000000;0,005547850;0,000000000
2017-03-06;5,88;2262,874576;4,620000000e-09;2,468835000e-03;0,000000000e+00;0,000000000e+00;0,000000000e+00;0,000000000e+00;0,0000000e+00;43;1,212480156;0,000000000;0,011904762;0,129251701;5,185719000e-03;0,000000000e+00;0,00000000000;0,009821977;0,000000000
2017-03-13;5,68;2217,617085;1,850000000e-09;9,875340000e-04;0,000000000e+00;0,000000000e+00;0,000000000e+00;0,000000000e+00;0,0000000e+00;42;1,203678067;0,021126761;0,005281690;0,093309859;1,037144000e-03;0,000000000e+00;0,00000000000;0,007109005;0,000000000
2017-03-20;5,66;2173,264743;7,390000000e-10;3,950140000e-04;0,000000000e+00;0,000000000e+00;0,000000000e+00;0,000000000e+00;0,0000000e+00;43;1,184905525;0,086572438;0,001766784;0,098939929;2,074290000e-04;0,000000000e+00;0,00000000000;0,003201708;0,000000000
2017-03-27;5,78;2129,799448;2,960000000e-10;1,580050000e-04;0,000000000e+00;0,000000000e+00;0,000000000e+00;0,000000000e+00;0,0000000e+00;39;1,212604607;0,057093426;0,008650519;0,088235294;4,150000000e-05;0,000000000e+00;0,00000000000;0,002074689;0,000000000
2017-04-03;6,04;2087,203459;1,180000000e-10;6,320000000e-05;0,000000000e+00;0,000000000e+00;0,000000000e+00;0,000000000e+00;0,0000000e+00;43;1,151423626;0,006622517;0,059602649;0,135761589;8,300000000e-06;0,000000000e+00;0,00000000000;0,003652968;0,000000000
2017-04-10;5,49;2045,459390;4,730000000e-11;2,530000000e-05;0,000000000e+00;0,000000000e+00;0,000000000e+00;0,000000000e+00;0,0000000e+00;42;1,135825121;0,009107468;0,054644809;0,162112933;1,660000000e-06;0,000000000e+00;0,00000000000;0,005020080;0,000000000
2017-04-17;5,87;2004,550202;1,890000000e-11;1,010000000e-05;0,000000000e+00;0,000000000e+00;0,000000000e+00;0,000000000e+00;0,0000000e+00;43;1,152266024;0,003407155;0,109028961;0,112436116;3,320000000e-07;0,000000000e+00;0,00000000000;0,008919722;0,000000000
2017-04-24;4,23;1964,459198;7,570000000e-12;4,040000000e-06;0,000000000e+00;0,000000000e+00;0,000000000e+00;0,000000000e+00;0,0000000e+00;36;1,221801817;0,000000000;0,063829787;0,068557920;6,640000000e-08;0,000000000e+00;0,00000000000;0,013597033;0,000000000
2017-05-01;6,35;1925,170014;3,030000000e-12;1,620000000e-06;0,000000000e+00;0,000000000e+00;0,000000000e+00;0,000000000e+00;0,0000000e+00;44;1,186197474;0,000000000;0,070866142;0,110236220;1,330000000e-08;0,000000000e+00;0,00000000000;0,015570934;0,330170778
2017-05-08;4,98;1886,666614;1,210000000e-12;6,470000000e-07;0,000000000e+00;0,000000000e+00;0,000000000e+00;0,000000000e+00;0,0000000e+00;43;1,199686432;0,000000000;0,056224900;0,072289157;2,660000000e-09;0,000000000e+00;0,00000000000;0,045260461;0,276150628
2017-05-15;5,06;1848,933281;4,840000000e-13;2,590000000e-07;0,000000000e+00;0,000000000e+00;0,000000000e+00;0,000000000e+00;0,0000000e+00;41;1,234488441;0,083003953;0,025691700;0,086956522;5,310000000e-10;0,000000000e+00;0,00000000000;0,037376049;0,204610951
2017-05-22;4,99;1811,954616;1,940000000e-13;1,040000000e-07;0,000000000e+00;0,000000000e+00;0,000000000e+00;0,000000000e+00;0,0000000e+00;40;1,228609725;0,142284569;0,038076152;0,112224449;1,060000000e-10;0,000000000e+00;0,00000000000;0,030732861;0,100558659
2017-05-29;4,74;1775,715524;7,750000000e-14;4,140000000e-08;0,000000000e+00;0,000000000e+00;0,000000000e+00;0,000000000e+00;0,0000000e+00;38;1,252064109;0,105485232;0,033755274;0,092827004;2,120000000e-11;0,000000000e+00;0,00000000000;0,019572954;0,127208481
2017-06-05;5,70;1740,201213;3,100000000e-14;1,660000000e-08;0,000000000e+00;0,000000000e+00;0,000000000e+00;0,000000000e+00;0,0000000e+00;42;1,219297262;0,029824561;0,084210526;0,078947368;4,250000000e-12;0,000000000e+00;0,00000000000;0,017600000;0,076452599
2017-06-12;5,02;1705,397189;1,240000000e-14;6,630000000e-09;0,000000000e+00;0,000000000e+00;0,000000000e+00;0,000000000e+00;0,0000000e+00;39;1,239335148;0,000000000;0,079681275;0,073705179;8,500000000e-13;0,000000000e+00;0,00000000000;0,015682657;0,057142857
2017-06-19;4,39;1671,289245;4,960000000e-15;2,650000000e-09;0,000000000e+00;0,000000000e+00;0,000000000e+00;0,000000000e+00;0,0000000e+00;38;1,241544558;0,000000000;0,072892938;0,086560364;1,700000000e-13;0,000000000e+00;0,00000000000;0,021148036;0,000000000
2017-06-26;4,11;1637,863460;1,980000000e-15;1,060000000e-09;0,000000000e+00;0,000000000e+00;0,000000000e+00;0,000000000e+00;0,0000000e+00;37;1,282922972;0,000000000;0,038929440;0,087591241;3,400000000e-14;0,000000000e+00;0,00000000000;0,013114754;0,028455285
2017-07-03;5,25;1605,106191;7,940000000e-16;4,240000000e-10;0,000000000e+00;0,000000000e+00;0,000000000e+00;0,000000000e+00;0,0000000e+00;42;1,265442076;0,000000000;0,043809524;0,133333333;2,109251613e+03;0,000000000e+00;0,00000000000;0,021570319;0,000000000
2017-07-10;5,26;1573,004067;3,180000000e-16;1,700000000e-10;0,000000000e+00;0,000000000e+00;0,000000000e+00;0,000000000e+00;0,0000000e+00;41;1,318021327;0,000000000;0,085551331;0,150190114;5,343437419e+03;0,000000000e+00;0,00000000000;0,007677543;0,000000000
2017-07-17;5,10;1541,543986;1,270000000e-16;6,790000000e-11;0,000000000e+00;0,000000000e+00;0,000000000e+00;0,000000000e+00;0,0000000e+00;41;1,320355666;0,000000000;0,109803922;0,119607843;5,990274581e+03;0,000000000e+00;0,00000000000;0,054564533;0,042145594
2017-07-24;5,27;1510,713106;5,080000000e-17;2,710000000e-11;0,000000000e+00;0,000000000e+00;0,000000000e+00;0,000000000e+00;0,0000000e+00;40;1,283323690;0,000000000;0,212523719;0,119544592;6,119642013e+03;0,000000000e+00;0,00000000000;0,051229508;0,045112782
2017-07-31;5,96;1480,498844;2,030000000e-17;1,090000000e-11;0,000000000e+00;0,000000000e+00;0,000000000e+00;0,000000000e+00;0,0000000e+00;40;1,258253689;0,000000000;0,208053691;0,169463087;6,145515499e+03;0,000000000e+00;0,00000000000;0,079331942;0,000000000
2017-08-07;8,36;1762,238867;8,130000000e-18;4,340000000e-12;0,000000000e+00;0,000000000e+00;3,113500000e+02;0,000000000e+00;0,0000000e+00;45;1,269996220;0,000000000;0,208133971;0,092105263;1,229103100e+03;0,000000000e+00;0,00000000000;0,093716720;0,000000000
2017-08-14;8,63;2008,544090;3,250000000e-18;1,740000000e-12;0,000000000e+00;0,000000000e+00;4,060900000e+02;0,000000000e+00;0,0000000e+00;46;1,300169060;0,000000000;0,154113557;0,082271147;2,458206200e+02;0,000000000e+00;0,00000000000;0,050351288;0,000000000
2017-08-21;6,64;2149,823208;1,300000000e-18;6,950000000e-13;0,000000000e+00;0,000000000e+00;3,438860000e+02;0,000000000e+00;0,0000000e+00;40;1,324231238;0,000000000;0,114457831;0,075301205;4,916412399e+01;0,000000000e+00;0,00000000000;0,017937220;0,000000000
2017-08-28;7,79;2106,826744;5,200000000e-19;2,780000000e-13;0,000000000e+00;0,000000000e+00;1,375544000e+02;0,000000000e+00;0,0000000e+00;41;1,320201280;0,170731707;0,014120668;0,070603338;9,832824799e+00;0,000000000e+00;0,00000000000;0,016029593;0,000000000
2017-09-04;7,90;2064,690209;2,080000000e-19;1,110000000e-13;0,000000000e+00;0,000000000e+00;5,502176000e+01;0,000000000e+00;0,0000000e+00;42;1,315022426;0,210126582;0,012658228;0,078481013;1,966564960e+00;0,000000000e+00;0,00000000000;0,010285714;0,056782334
2017-09-11;7,55;2264,696405;8,320000000e-20;4,450000000e-14;0,000000000e+00;0,000000000e+00;2,200870400e+01;2,413000000e+02;0,0000000e+00;42;1,298584590;0,107284768;0,023841060;0,072847682;3,933129920e-01;0,000000000e+00;0,00000000000;0,011664899;0,243553009
2017-09-18;7,24;2426,952477;3,330000000e-20;1,780000000e-14;0,000000000e+00;0,000000000e+00;8,803481600e+00;3,040700000e+02;0,0000000e+00;43;1,277498412;0,000000000;0,053867403;0,088397790;7,866259800e-02;0,000000000e+00;0,00000000000;0,013918630;0,230352304
2017-09-25;6,85;2539,063427;1,330000000e-20;7,120000000e-15;0,000000000e+00;0,000000000e+00;3,521392640e+00;2,822780000e+02;0,0000000e+00;43;1,305671933;0,000000000;0,027737226;0,071532847;1,573252000e-02;0,000000000e+00;0,00000000000;0,036055143;0,235109718
2017-10-02;6,91;2488,282159;5,330000000e-21;2,850000000e-15;0,000000000e+00;0,000000000e+00;1,408557056e+00;1,129112000e+02;0,0000000e+00;45;1,359218164;0,000000000;0,024602026;0,095513748;1,438501211e+03;0,000000000e+00;0,00000000000;0,020985401;0,059139785
2017-10-09;6,38;2438,516515;2,130000000e-21;1,140000000e-15;0,000000000e+00;0,000000000e+00;5,634228220e-01;4,516448000e+01;0,0000000e+00;42;1,287567519;0,000000000;0,026645768;0,100313480;5,322443468e+03;0,000000000e+00;0,00000000000;0,008665511;0,024096386
2017-10-16;5,84;2389,746185;8,520000000e-22;4,550000000e-16;0,000000000e+00;0,000000000e+00;2,253691290e-01;1,806579200e+01;0,0000000e+00;43;1,315498003;0,000000000;0,015410959;0,121575342;6,099231919e+03;0,000000000e+00;0,00000000000;0,023496241;0,000000000
2017-10-23;5,88;2341,951261;3,410000000e-22;1,820000000e-16;0,000000000e+00;0,000000000e+00;9,014765200e-02;7,226316800e+00;0,0000000e+00;41;1,282403290;0,000000000;0,013605442;0,119047619;6,254589610e+03;0,000000000e+00;0,00000000000;0,013071895;0,054409006
2017-10-30;5,74;2295,112236;1,360000000e-22;7,290000000e-17;0,000000000e+00;0,000000000e+00;3,605906100e-02;2,890526720e+00;0,0000000e+00;40;1,266666639;0,000000000;0,006968641;0,094076655;6,285661148e+03;0,000000000e+00;0,00000000000;0,039215686;0,022770398
2017-11-06;5,73;2249,209991;5,450000000e-23;2,910000000e-17;0,000000000e+00;0,000000000e+00;1,442362400e-02;1,156210688e+00;0,0000000e+00;40;1,276099330;0,000000000;0,008726003;0,113438045;1,976381262e+03;0,000000000e+00;0,00000000000;0,036706349;0,021052632
2017-11-13;5,99;2204,225792;2,180000000e-23;1,170000000e-17;0,000000000e+00;0,000000000e+00;5,769450000e-03;4,624842750e-01;0,0000000e+00;41;1,267564123;0,003338898;0,010016694;0,136894825;3,952762524e+02;0,000000000e+00;0,00000000000;0,034938621;0,006578947
2017-11-20;4,95;2160,141276;8,730000000e-24;4,660000000e-18;0,000000000e+00;0,000000000e+00;2,307780000e-03;1,849937100e-01;0,0000000e+00;39;1,312265759;0,014141414;0,014141414;0,088888889;7,905525047e+01;0,000000000e+00;0,00000000000;0,024263432;0,006514658
2017-11-27;5,63;2341,438450;3,490000000e-24;1,870000000e-18;0,000000000e+00;0,000000000e+00;9,231120000e-04;7,399748400e-02;2,2450000e+02;40;1,268710918;0,000000000;0,005328597;0,078152753;1,581105009e+01;0,000000000e+00;0,00000000000;0,000000000;0,006849315
2017-12-04;7,91;2507,809681;1,400000000e-24;7,460000000e-19;0,000000000e+00;0,000000000e+00;3,692450000e-04;2,959899400e-02;3,0300000e+02;46;1,296724784;0,000000000;0,005056890;0,056890013;3,162210019e+00;0,000000000e+00;0,00000000000;0,013818182;0,000000000
2017-12-11;6,97;2646,453488;5,590000000e-25;2,980000000e-19;0,000000000e+00;0,000000000e+00;1,476980000e-04;1,183959700e-02;3,1000000e+02;45;1,269907838;0,000000000;0,007173601;0,068866571;6,324420040e-01;0,000000000e+00;0,00000000000;0,017872340;0,000000000
2017-12-18;8,55;2783,524418;2,230000000e-25;1,190000000e-19;0,000000000e+00;0,000000000e+00;5,910000000e-05;4,735839000e-03;3,1400000e+02;48;1,274776935;0,001169591;0,015204678;0,119298246;1,264884010e-01;0,000000000e+00;0,00000000000;0,004071661;0,000000000
2017-12-25;8,13;2727,853929;8,940000000e-26;4,780000000e-20;0,000000000e+00;0,000000000e+00;2,360000000e-05;1,894336000e-03;1,2560000e+02;49;1,256064684;0,003690037;0,025830258;0,104551046;2,529768000e-02;0,000000000e+00;0,00000000000;0,003816794;0,037974684
2018-01-01;6,50;2673,296851;3,570000000e-26;1,910000000e-20;0,000000000e+00;0,000000000e+00;9,450000000e-06;7,577340000e-04;5,0240000e+01;44;1,307597950;0,003076923;0,015384615;0,095384615;5,059536000e-03;0,000000000e+00;0,00000000000;0,005672609;0,027397260
2018-01-08;6,98;2619,830914;1,430000000e-26;7,640000000e-21;0,000000000e+00;0,000000000e+00;3,780000000e-06;3,030940000e-04;2,0096000e+01;51;1,196800929;0,000000000;0,010028653;0,094555874;1,011907000e-03;0,000000000e+00;0,00000000000;0,019787986;0,000000000
2018-01-15;5,62;2567,434296;5,720000000e-27;3,060000000e-21;0,000000000e+00;0,000000000e+00;1,510000000e-06;1,212370000e-04;8,0384000e+00;43;1,333544614;0,000000000;0,005338078;0,087188612;2,023810000e-04;0,000000000e+00;0,00000000000;0,009925558;0,000000000
2018-01-22;4,82;2516,085610;2,290000000e-27;1,220000000e-21;0,000000000e+00;0,000000000e+00;6,050000000e-07;4,850000000e-05;3,2153600e+00;40;1,322557991;0,000000000;0,008298755;0,078838174;4,050000000e-05;0,000000000e+00;0,00000000000;0,002890173;0,000000000
2018-01-29;5,16;2465,763897;9,150000000e-28;4,890000000e-22;0,000000000e+00;0,000000000e+00;2,420000000e-07;1,940000000e-05;1,2861440e+00;40;1,263665192;0,000000000;0,007751938;0,075581395;8,100000000e-06;0,000000000e+00;0,00000000000;0,004665630;0,023923445
2018-02-05;5,31;2416,448620;3,660000000e-28;1,960000000e-22;0,000000000e+00;0,000000000e+00;9,680000000e-08;7,760000000e-06;5,1445760e-01;41;1,277699763;0,000000000;0,003766478;0,041431262;1,620000000e-06;0,000000000e+00;0,00000000000;0,016097875;0,031982942
2018-02-12;5,01;2368,119647;1,460000000e-28;7,820000000e-23;0,000000000e+00;0,000000000e+00;3,870000000e-08;3,100000000e-06;2,0578304e-01;40;1,257881892;0,000000000;0,001996008;0,047904192;3,240000000e-07;0,000000000e+00;0,00000000000;0,072148953;0,000000000
2018-02-19;5,08;2320,757254;5,860000000e-29;3,130000000e-23;0,000000000e+00;0,000000000e+00;1,550000000e-08;1,240000000e-06;8,2313216e-02;41;1,245148835;0,000000000;0,009842520;0,064960630;6,480000000e-08;0,000000000e+00;0,00000000000;0,041050903;0,000000000
2018-02-26;4,70;2274,342109;2,340000000e-29;1,250000000e-23;0,000000000e+00;0,000000000e+00;6,190000000e-09;4,970000000e-07;3,2925286e-02;37;1,264153679;0,057446809;0,004255319;0,042553191;1,300000000e-08;0,000000000e+00;0,00000000000;0,012454212;0,049180328
2018-03-04;6,13;2228,855267;9,370000000e-30;5,010000000e-24;0,000000000e+00;0,000000000e+00;2,480000000e-09;1,990000000e-07;1,3170115e-02;39;1,284973263;0,119086460;0,001631321;0,068515498;2,590000000e-09;0,000000000e+00;0,00000000000;0,016069221;0,020790021
2018-03-11;5,21;2184,278162;3,750000000e-30;2,000000000e-24;0,000000000e+00;0,000000000e+00;9,910000000e-10;7,950000000e-08;5,2680460e-03;37;1,307053806;0,065259117;0,009596929;0,071017274;5,180000000e-10;0,000000000e+00;0,00000000000;0,011103400;0,016627078
2018-03-18;6,13;2444,192598;1,500000000e-30;8,010000000e-25;0,000000000e+00;3,036000000e+02;3,960000000e-10;3,180000000e-08;2,1072180e-03;40;1,361256182;0,000000000;0,032626427;0,086460033;1,040000000e-10;0,000000000e+00;0,00000000000;0,020938023;0,026066351
2018-03-25;6,84;2570,558746;6,000000000e-31;3,200000000e-25;0,000000000e+00;2,966900000e+02;1,590000000e-10;1,270000000e-08;8,4288700e-04;41;1,381174856;0,000000000;0,100877193;0,100877193;2,070000000e-11;0,000000000e+00;0,00000000000;0,019809826;0,005376344
2018-04-01;7,21;2679,747571;2,400000000e-31;1,280000000e-25;0,000000000e+00;2,792760000e+02;6,340000000e-11;5,090000000e-09;3,3715500e-04;42;1,335884116;0,000000000;0,041608877;0,087378641;4,140000000e-12;0,000000000e+00;0,00000000000;0,011942175;0,002487562
2018-04-08;5,84;2626,152620;9,600000000e-32;5,130000000e-26;0,000000000e+00;1,117104000e+02;2,540000000e-11;2,030000000e-09;1,3486200e-04;39;1,369725661;0,003424658;0,023972603;0,111301370;8,290000000e-13;0,000000000e+00;0,00000000000;0,017033357;0,000000000
2018-04-15;6,97;2757,429568;3,840000000e-32;2,050000000e-26;0,000000000e+00;2,284841600e+02;1,010000000e-11;8,140000000e-10;5,3900000e-05;40;1,341193103;0,001434720;0,022955524;0,183644189;1,660000000e-13;0,000000000e+00;0,00000000000;0,021578298;0,002717391
2018-04-22;7,18;2861,780976;1,540000000e-32;8,200000000e-27;0,000000000e+00;2,508936640e+02;4,060000000e-12;3,250000000e-10;2,1600000e-05;43;1,364766108;0,000000000;0,025069638;0,146239554;3,320000000e-14;0,000000000e+00;0,00000000000;0,027368421;0,002873563
2018-04-29;6,82;2804,845357;6,140000000e-33;3,280000000e-27;0,000000000e+00;1,003574656e+02;1,620000000e-12;1,300000000e-10;8,6300000e-06;43;1,352280016;0,004398827;0,021994135;0,123167155;6,630000000e-15;0,000000000e+00;0,00000000000;0,017409114;0,011111111
2018-05-06;7,08;2748,748450;2,460000000e-33;1,310000000e-27;0,000000000e+00;4,014298624e+01;6,500000000e-13;5,210000000e-11;3,4500000e-06;47;1,303576522;0,026836158;0,038135593;0,118644068;1,330000000e-15;0,000000000e+00;0,00000000000;0,023591088;0,022624434
2018-05-13;5,39;2693,773481;9,830000000e-34;5,250000000e-28;0,000000000e+00;1,605719450e+01;2,600000000e-13;2,080000000e-11;1,3800000e-06;40;1,328426551;0,077922078;0,009276438;0,077922078;2,650000000e-16;0,000000000e+00;0,00000000000;0,006017505;0,130434783
2018-05-20;5,00;2639,898011;3,930000000e-34;2,100000000e-28;0,000000000e+00;6,422877798e+00;1,040000000e-13;8,330000000e-12;5,5200000e-07;40;1,335587882;0,168000000;0,004000000;0,072000000;5,310000000e-17;0,000000000e+00;0,00000000000;0,017543860;0,107329843
2018-05-27;4,54;2587,100051;1,570000000e-34;8,400000000e-29;0,000000000e+00;2,569151119e+00;4,160000000e-14;3,330000000e-12;2,2100000e-07;37;1,313449950;0,057268722;0,008810573;0,074889868;1,060000000e-17;0,000000000e+00;0,00000000000;0,006087438;0,104790419
2018-06-03;4,32;2535,358050;6,290000000e-35;3,360000000e-29;0,000000000e+00;1,027660448e+00;1,660000000e-14;1,330000000e-12;8,8400000e-08;38;1,381555476;0,000000000;0,023148148;0,076388889;2,120000000e-18;0,000000000e+00;0,00000000000;0,011847065;0,000000000
2018-06-10;5,64;2484,650889;2,520000000e-35;1,340000000e-29;0,000000000e+00;4,110641790e-01;6,650000000e-15;5,330000000e-13;3,5400000e-08;38;1,352019712;0,053191489;0,039007092;0,060283688;4,240000000e-19;0,000000000e+00;0,00000000000;0,028169014;0,000000000
2018-06-17;6,05;2434,957871;1,010000000e-35;5,380000000e-30;0,000000000e+00;1,644256720e-01;2,660000000e-15;2,130000000e-13;1,4100000e-08;39;1,356418303;0,077685950;0,028099174;0,090909091;8,490000000e-20;0,000000000e+00;0,00000000000;0,020350213;0,000000000
2018-06-24;4,82;2386,258714;4,020000000e-36;2,150000000e-30;0,000000000e+00;6,577026900e-02;1,060000000e-15;8,530000000e-14;5,6600000e-09;36;1,312483283;0,022821577;0,004149378;0,087136929;1,700000000e-20;0,000000000e+00;0,00000000000;0,006750241;0,179012346
2018-07-01;4,61;2338,533539;1,610000000e-36;8,600000000e-31;0,000000000e+00;2,630810700e-02;4,260000000e-16;3,410000000e-14;2,2600000e-09;38;1,386840339;0,000000000;0,004338395;0,073752711;3,400000000e-21;0,000000000e+00;0,00000000000;0,009668508;0,200549451
2018-07-08;4,71;2291,762869;6,440000000e-37;3,440000000e-31;0,000000000e+00;1,052324300e-02;1,700000000e-16;1,370000000e-14;9,0500000e-10;41;1,338721758;0,000000000;0,004246285;0,106157113;6,790000000e-22;0,000000000e+00;0,00000000000;0,007823286;0,229551451
2018-07-15;4,29;2245,927611;2,580000000e-37;1,380000000e-31;0,000000000e+00;4,209297000e-03;6,810000000e-17;5,460000000e-15;3,6200000e-10;38;1,350296417;0,000000000;0,006993007;0,107226107;1,360000000e-22;0,000000000e+00;0,00000000000;0,019436346;0,005714286
2018-07-22;4,07;2201,009059;1,030000000e-37;5,510000000e-32;0,000000000e+00;1,683719000e-03;2,720000000e-17;2,180000000e-15;1,4500000e-10;37;1,330388680;0,000000000;0,007371007;0,113022113;2,720000000e-23;0,000000000e+00;0,00000000000;0,017883035;0,000000000
2018-07-29;3,89;2156,988878;4,120000000e-38;2,200000000e-32;0,000000000e+00;6,734880000e-04;1,090000000e-17;8,740000000e-16;5,7900000e-11;35;1,296316708;0,000000000;0,005141388;0,074550129;5,430000000e-24;0,000000000e+00;0,00000000000;0,010662958;0,000000000
2018-08-05;4,46;2113,849100;1,650000000e-38;8,810000000e-33;0,000000000e+00;2,693950000e-04;4,360000000e-18;3,490000000e-16;2,3200000e-11;38;1,307317406;0,000000000;0,004484305;0,094170404;1,090000000e-24;0,000000000e+00;0,00000000000;0,010783907;0,000000000
2018-08-12;3,84;2071,572118;6,590000000e-39;3,520000000e-33;0,000000000e+00;1,077580000e-04;1,740000000e-18;1,400000000e-16;9,2700000e-12;35;1,297047715;0,000000000;0,005208333;0,101562500;2,170000000e-25;0,000000000e+00;0,00000000000;0,007727975;0,000000000
2018-08-19;5,57;2377,540676;2,640000000e-39;1,410000000e-33;3,474000000e+02;4,310000000e-05;6,970000000e-19;5,590000000e-17;3,7100000e-12;40;1,298188775;0,000000000;0,016157989;0,093357271;4,350000000e-26;0,000000000e+00;0,00000000000;0,006802721;0,000000000
2018-08-26;7,50;2688,789862;1,060000000e-39;5,640000000e-34;4,977600000e+02;1,720000000e-05;2,790000000e-19;2,240000000e-17;1,4800000e-12;43;1,299697821;0,000000000;0,025333333;0,128000000;8,690000000e-27;0,000000000e+00;0,00000000000;0,005795574;0,000000000
2018-09-02;10,31;2980,464065;4,220000000e-40;2,260000000e-34;5,445540000e+02;6,900000000e-06;1,120000000e-19;8,950000000e-18;5,9300000e-13;47;1,332118516;0,000000000;0,031037827;0,167798254;1,740000000e-27;0,000000000e+00;0,00000000000;0,004187605;0,000000000
2018-09-09;9,51;3176,754784;1,690000000e-40;9,020000000e-35;4,737216000e+02;2,760000000e-06;4,460000000e-20;3,580000000e-18;2,3700000e-13;47;1,318647622;0,000000000;0,052576236;0,143007361;3,480000000e-28;0,000000000e+00;0,00000000000;0,005443886;0,144578313
2018-09-16;8,94;3433,019688;6,750000000e-41;3,610000000e-35;5,092886400e+02;1,100000000e-06;1,790000000e-20;1,430000000e-18;9,4900000e-14;48;1,333631871;0,000000000;0,027964206;0,101789709;6,950000000e-29;0,000000000e+00;0,00000000000;0,013080740;0,176201373
2018-09-23;7,19;3364,359294;2,700000000e-41;1,440000000e-35;2,037154560e+02;4,410000000e-07;7,140000000e-21;5,730000000e-19;3,8000000e-14;46;1,356285144;0,001390821;0,045897079;0,098748261;1,390000000e-29;0,000000000e+00;0,00000000000;0,010758197;0,148514851
2018-09-30;5,93;3297,072108;1,080000000e-41;5,770000000e-36;8,148618240e+01;1,770000000e-07;2,860000000e-21;2,290000000e-19;1,5200000e-14;43;1,314818590;0,000000000;0,033726813;0,057335582;2,780000000e-30;0,000000000e+00;0,00000000000;0,022175290;0,002392344
2018-10-07;6,23;3231,130666;4,320000000e-42;2,310000000e-36;3,259447296e+01;7,060000000e-08;1,140000000e-21;9,160000000e-20;6,0700000e-15;45;1,290262205;0,000000000;0,025682183;0,059390048;5,560000000e-31;0,000000000e+00;0,00000000000;0,023327465;0,001964637
2018-10-14;4,70;3166,508053;1,730000000e-42;9,240000000e-37;1,303778918e+01;2,820000000e-08;4,570000000e-22;3,660000000e-20;2,4300000e-15;42;1,299943346;0,000000000;0,025531915;0,034042553;1,110000000e-31;0,000000000e+00;0,00000000000;0,014958449;0,000000000
2018-10-21;5,37;3103,177892;6,910000000e-43;3,690000000e-37;5,215115674e+00;1,130000000e-08;1,830000000e-22;1,470000000e-20;9,7200000e-16;41;1,248674817;0,000000000;0,013035382;0,057728119;2,230000000e-32;0,000000000e+00;0,00000000000;0,015407555;0,000000000
2018-10-28;4,97;3041,114334;2,770000000e-43;1,480000000e-37;2,086046269e+00;4,520000000e-09;7,310000000e-23;5,860000000e-21;3,8900000e-16;40;1,264405698;0,000000000;0,008048290;0,058350101;4,450000000e-33;0,000000000e+00;0,00000000000;0,017515052;0,000000000
2018-11-04;4,99;2980,292047;1,110000000e-43;5,910000000e-38;8,344185080e-01;1,810000000e-09;2,930000000e-23;2,350000000e-21;1,5500000e-16;41;1,313019312;0,000000000;0,014028056;0,074148297;8,900000000e-34;0,000000000e+00;0,00000000000;0,018592965;0,000000000
2018-11-11;5,01;2920,686206;4,430000000e-44;2,360000000e-38;3,337674030e-01;7,230000000e-10;1,170000000e-23;9,380000000e-22;6,2200000e-17;40;1,262053645;0,000000000;0,013972056;0,057884232;1,780000000e-34;2,293500000e+01;0,00000000000;0,014732143;0,000000000
2018-11-18;4,13;2862,272482;1,770000000e-44;9,460000000e-39;1,335069610e-01;2,890000000e-10;4,680000000e-24;3,750000000e-22;2,4900000e-17;38;1,370297080;0,000000000;0,004842615;0,067796610;3,560000000e-35;1,266990000e+02;0,00000000000;0,013078001;0,000000000
2018-11-25;3,92;2805,027033;7,080000000e-45;3,780000000e-39;5,340278400e-02;1,160000000e-10;1,870000000e-24;1,500000000e-22;9,9500000e-18;38;1,291033106;0,000000000;0,010204082;0,043367347;7,120000000e-36;2,181446000e+02;0,00000000000;0,007205353;0,000000000
2018-12-02;4,89;2748,926492;2,830000000e-45;1,510000000e-39;2,136111400e-02;4,630000000e-11;7,490000000e-25;6,000000000e-23;3,9800000e-18;40;1,309116819;0,000000000;0,010224949;0,092024540;1,420000000e-36;2,169478400e+02;0,00000000000;0,013796173;0,190082645
2018-12-09;5,13;2693,947962;1,130000000e-45;6,050000000e-40;8,544446000e-03;1,850000000e-11;3,000000000e-25;2,400000000e-23;1,5900000e-18;41;1,295374396;0,009746589;0,009746589;0,068226121;2,850000000e-37;2,025441360e+02;0,00000000000;0,013765542;0,198744770
2018-12-16;5,44;2640,069003;4,530000000e-46;2,420000000e-40;3,417778000e-03;7,410000000e-12;1,200000000e-25;9,610000000e-24;6,3700000e-19;43;1,286148614;0,012867647;0,003676471;0,047794118;5,700000000e-38;8,101765440e+01;0,00000000000;0,019108280;0,195488722
2018-12-23;5,32;2587,267623;1,810000000e-46;9,690000000e-41;1,367111000e-03;2,960000000e-12;4,790000000e-26;3,840000000e-24;2,5500000e-19;43;1,243829985;0,011278195;0,007518797;0,065789474;1,140000000e-38;3,240706176e+01;0,00000000000;0,027468153;0,000000000
2018-12-30;4,56;2535,522270;7,250000000e-47;3,870000000e-41;5,468450000e-04;1,180000000e-12;1,920000000e-26;1,540000000e-24;1,0200000e-19;42;1,246663092;0,008771930;0,004385965;0,065789474;2,280000000e-39;1,296282470e+01;0,00000000000;0,025427873;0,000000000
2019-01-06;4,98;2484,811825;2,900000000e-47;1,550000000e-41;2,187380000e-04;4,740000000e-13;7,670000000e-27;6,150000000e-25;4,0800000e-20;45;1,190941506;0,000000000;0,008032129;0,072289157;4,560000000e-40;5,185129882e+00;152,11000000000;0,040737894;0,000000000
2019-01-13;4,13;2435,115588;1,160000000e-47;6,200000000e-42;8,750000000e-05;1,900000000e-13;3,070000000e-27;2,460000000e-25;1,6300000e-20;40;1,264751216;0,000000000;0,016949153;0,150121065;9,110000000e-41;2,074051953e+00;232,72400000000;0,004016064;0,011538462
2019-01-20;3,64;2386,413277;4,640000000e-48;2,480000000e-42;3,500000000e-05;7,580000000e-14;1,230000000e-27;9,840000000e-26;6,5200000e-21;35;1,284066206;0,000000000;0,030219780;0,192307692;1,820000000e-41;8,296207810e-01;253,24460000000;0,007180469;0,144373673
2019-01-27;3,74;2338,685011;1,860000000e-48;9,920000000e-43;1,400000000e-05;3,030000000e-14;4,910000000e-28;3,930000000e-26;2,6100000e-21;36;1,284164449;0,000000000;0,034759358;0,179144385;3,650000000e-42;3,318483120e-01;259,85784000000;0,005641749;0,151442308
2019-02-03;4,22;2291,911311;7,420000000e-49;3,970000000e-43;5,600000000e-06;1,210000000e-14;1,960000000e-28;1,570000000e-26;1,0400000e-21;38;1,234823679;0,000000000;0,035545024;0,125592417;7,290000000e-43;1,327393250e-01;103,94313600000;0,045665962;0,017142857
2019-02-10;3,60;2246,073085;2,970000000e-49;1,590000000e-43;2,240000000e-06;4,850000000e-15;7,850000000e-29;6,300000000e-27;4,1700000e-22;35;1,263986811;0,000000000;0,025000000;0,127777778;1,460000000e-43;5,309573000e-02;41,57725440000;0,048290598;0,008213552
2019-02-17;3,48;2201,151623;1,190000000e-49;6,350000000e-44;8,960000000e-07;1,940000000e-15;3,140000000e-29;2,520000000e-27;1,6700000e-22;34;1,286872230;0,000000000;0,014367816;0,080459770;2,920000000e-44;2,123829200e-02;16,63090176000;0,015336040;0,028000000
2019-02-24;3,77;2157,128591;4,750000000e-50;2,540000000e-44;3,580000000e-07;7,760000000e-16;1,260000000e-29;1,010000000e-27;6,6800000e-23;34;1,327397372;0,000000000;0,034482759;0,273209549;5,830000000e-45;8,495317000e-03;6,65236070400;0,019806763;0,029680365
2019-03-03;4,57;2113,986019;1,900000000e-50;1,020000000e-44;1,430000000e-07;3,110000000e-16;5,030000000e-30;4,030000000e-28;2,6700000e-23;37;1,236975286;0,065645514;0,013129103;0,045951860;1,170000000e-45;3,398127000e-03;2,66094428200;0,007923269;0,156057495
2019-03-10;4,24;2071,706298;7,600000000e-51;4,060000000e-45;5,730000000e-08;1,240000000e-16;2,010000000e-30;1,610000000e-28;1,0700000e-23;37;1,266635684;0,091981132;0,009433962;0,035377358;2,330000000e-46;1,359251000e-03;1,06437771300;0,020214521;0,142201835
2019-03-17;4,83;2030,272172;3,040000000e-51;1,620000000e-45;2,290000000e-08;4,970000000e-17;8,040000000e-31;6,450000000e-29;4,2700000e-24;36;1,330646806;0,000000000;0,026915114;0,229813665;4,670000000e-47;5,437000000e-04;0,42575108500;0,035569927;0,000000000
2019-03-24;3,06;1989,666729;1,220000000e-51;6,500000000e-46;9,170000000e-09;1,990000000e-17;3,220000000e-31;2,580000000e-29;1,7100000e-24;35;1,293955028;0,000000000;0,026143791;0,078431373;9,330000000e-48;2,174800000e-04;0,17030043400;0,026627219;0,011261261
2019-03-31;3,01;1949,873394;4,870000000e-52;2,600000000e-46;3,670000000e-09;7,950000000e-18;1,290000000e-31;1,030000000e-29;6,8400000e-25;32;1,341413252;0,000000000;0,026578073;0,099667774;1,870000000e-48;8,700000000e-05;0,06812017400;0,019446845;0,043778802
2019-04-07;4,63;1910,875927;1,950000000e-52;1,040000000e-46;1,470000000e-09;3,180000000e-18;5,150000000e-32;4,130000000e-30;2,7400000e-25;37;1,369563533;0,002159827;0,008639309;0,095032397;3,730000000e-49;3,480000000e-05;0,02724806900;0,031560284;0,057494867
2019-04-14;3,62;1872,658408;7,790000000e-53;4,160000000e-47;5,870000000e-10;1,270000000e-18;2,060000000e-32;1,650000000e-30;1,0900000e-25;36;1,317612236;0,000000000;0,008287293;0,093922652;7,470000000e-50;1,390000000e-05;0,01089922800;0,024991075;0,142557652
2019-04-21;3,98;1835,205240;3,110000000e-53;1,660000000e-47;2,350000000e-10;5,090000000e-19;8,230000000e-33;6,600000000e-31;4,3800000e-26;35;1,419842991;0,010050251;0,027638191;0,080402010;1,490000000e-50;5,570000000e-06;0,00435969100;0,011313131;0,089814815
2019-04-28;3,90;1798,501135;1,250000000e-53;6,660000000e-48;9,390000000e-11;2,040000000e-19;3,290000000e-33;2,640000000e-31;1,7500000e-26;34;1,343062277;0,015384615;0,023076923;0,120512821;2,990000000e-51;2,230000000e-06;0,00174387600;0,033008887;0,064423765
2019-05-05;4,62;1762,531112;4,980000000e-54;2,660000000e-48;3,760000000e-11;8,140000000e-20;1,320000000e-33;1,060000000e-31;7,0000000e-27;39;1,287705937;0,006493506;0,028138528;0,108225108;5,970000000e-52;8,910000000e-07;0,00069755100;0,024151208;0,037104902
2019-05-12;3,70;1727,280490;1,990000000e-54;1,060000000e-48;1,500000000e-11;3,260000000e-20;5,270000000e-34;4,220000000e-32;2,8000000e-27;35;1,310869167;0,013513514;0,029729730;0,089189189;1,190000000e-52;3,560000000e-07;0,00027902000;0,015218262;0,090625000
2019-05-19;3,68;1692,734880;7,970000000e-55;4,260000000e-49;6,010000000e-12;1,300000000e-20;2,110000000e-34;1,690000000e-32;1,1200000e-27;36;1,285618117;0,057065217;0,013586957;0,043478261;2,390000000e-53;1,430000000e-07;0,00011160800;0,018762475;0,151291513
2019-05-26;3,35;1658,880183;3,190000000e-55;1,700000000e-49;2,410000000e-12;5,210000000e-21;8,430000000e-35;6,760000000e-33;4,4800000e-28;35;1,277490829;0,074626866;0,000000000;0,032835821;4,780000000e-54;5,700000000e-08;0,00004460000;0,021982759;0,160068847
2019-06-02;3,44;1625,702579;1,280000000e-55;6,820000000e-50;9,620000000e-13;2,080000000e-21;3,370000000e-35;2,700000000e-33;1,7900000e-28;34;1,302310912;0,002906977;0,031976744;0,081395349;9,560000000e-55;2,280000000e-08;0,00001790000;0,051910299;0,063943162
2019-06-09;3,24;1593,188527;5,100000000e-56;2,730000000e-50;3,850000000e-13;8,340000000e-22;1,350000000e-35;1,080000000e-33;7,1700000e-29;33;1,295328583;0,006172840;0,015432099;0,058641975;1,910000000e-55;9,120000000e-09;0,00000714000;0,057556936;0,008143322
2019-06-16;3,16;1561,324757;2,040000000e-56;1,090000000e-50;1,540000000e-13;3,330000000e-22;5,400000000e-36;4,330000000e-34;2,8700000e-29;33;1,318309915;0,000000000;0,012658228;0,053797468;3,820000000e-56;3,650000000e-09;0,00000286000;0,033302498;0,034416826
2019-06-23;3,02;1530,098262;8,160000000e-57;4,360000000e-51;6,160000000e-14;1,330000000e-22;2,160000000e-36;1,730000000e-34;1,1500000e-29;32;1,297732727;0,000000000;0,013245033;0,066225166;7,650000000e-57;1,460000000e-09;0,00000114000;0,019699812;0,031078611
2019-06-30;3,08;1499,496297;3,270000000e-57;1,740000000e-51;2,460000000e-14;5,340000000e-23;8,630000000e-37;6,920000000e-35;4,5900000e-30;32;1,312676355;0,000000000;0,012987013;0,035714286;1,530000000e-57;5,840000000e-10;0,00000045700;0,006021505;0,126666667
2019-07-07;3,30;1469,506371;1,310000000e-57;6,980000000e-52;9,850000000e-15;2,130000000e-23;3,450000000e-37;2,770000000e-35;1,8400000e-30;36;1,328304301;0,000000000;0,009090909;0,093939394;3,060000000e-58;2,340000000e-10;0,00000018300;0,003274662;0,137566138
2019-07-14;2,70;1440,116243;5,220000000e-58;2,790000000e-52;3,940000000e-15;8,540000000e-24;1,380000000e-37;1,110000000e-35;7,3400000e-31;32;1,358983901;0,000000000;0,011111111;0,085185185;6,120000000e-59;9,340000000e-11;0,00000007310;0,002932551;0,137554585
2019-07-21;2,72;1411,313918;2,090000000e-58;1,120000000e-52;1,580000000e-15;3,410000000e-24;5,530000000e-38;4,430000000e-36;2,9400000e-31;32;1,320262574;0,000000000;0,011029412;0,165441176;1,220000000e-59;3,740000000e-11;0,00000002930;0,011351909;0,024070022
2019-07-28;2,93;1383,087640;8,360000000e-59;4,470000000e-53;6,300000000e-16;1,370000000e-24;2,210000000e-38;1,770000000e-36;1,1700000e-31;31;1,328654700;0,000000000;0,010238908;0,194539249;2,450000000e-60;1,490000000e-11;0,00000001170;0,019270833;0,000000000
2019-08-04;3,06;1355,425887;3,340000000e-59;1,790000000e-53;2,520000000e-16;5,460000000e-25;8,840000000e-39;7,090000000e-37;4,7000000e-32;33;1,280421446;0,003267974;0,003267974;0,169934641;4,890000000e-61;5,980000000e-12;0,00000000468;0,025803531;0,013513514
2019-08-11;2,99;1328,317369;1,340000000e-59;7,150000000e-54;1,010000000e-16;2,190000000e-25;3,540000000e-39;2,840000000e-37;1,8800000e-32;30;1,297310762;0,003344482;0,013377926;0,133779264;9,790000000e-62;2,390000000e-12;0,00000000187;0,018181818;0,052631579
